ID,Soma
2,27
3,24
4,21
5,28
6,25
7,21
8,28
9,25
10,28
11,17
12,26
13,27
14,23
15,23
16,24
17,22
18,30
19,21
20,20
21,22
22,27
23,25
24,23
25,22
26,27
27,21
28,23
29,21
30,12
31,28
32,24
33,18
34,22
35,29
36,24
37,24
38,25
39,30
40,29
41,19
42,22
43,30
44,24
45,29
46,25
47,26
48,28
